topic,term,prob
topic 1,land,0.018622422618042516
topic 1,results,0.012295841893331268
topic 1,water,0.008532850729947474
topic 1,model,0.008249598823376277
topic 1,data,0.00809263433850712
topic 1,management,0.0074525323628368
topic 1,ecological,0.006700771350088438
topic 1,carbon,0.006159502004690566
topic 1,soil,0.0053313887340103346
topic 1,space,0.005176495066913274
topic 1,environmental,0.005141396357420907
topic 1,change,0.004955165011122861
topic 1,factors,0.00488569617966136
topic 1,ecosystem,0.004524528529981547
topic 1,provide,0.004336057287351275
topic 1,system,0.004264180364395383
topic 1,forest,0.004211438253033428
topic 1,surface,0.004122778226352062
topic 1,urban,0.004056668430806364
topic 1,economic,0.00396938419184371
topic 1,level,0.00393361418811251
topic 1,agricultural,0.0036834231709617126
topic 1,sensing,0.0036359111312691873
topic 1,distribution,0.003614687612927015
topic 1,quality,0.0035261877889113807
topic 1,regions,0.003473734730821695
topic 1,policy,0.0033706546241390797
topic 1,information,0.0033504995751935766
topic 1,systems,0.0032838455521076145
topic 1,national,0.0031572283649170104
topic 1,growth,0.0031306517349619953
topic 1,total,0.002907377542455499
topic 1,service,0.0028033675581272386
topic 1,cities,0.0028001760665188917
topic 1,river,0.0027729686441599387
topic 1,production,0.002711999793038769
topic 1,remote,0.0026897405563964345
topic 1,paper,0.002661763308049418
topic 1,cost,0.0026146855368622307
topic 1,population,0.002614161875331181
topic 1,approach,0.0025853711786526725
topic 1,spatial,0.002567588825026506
topic 1,china,0.0025509946387405236
topic 1,values,0.0025330370298443524
topic 1,research,0.0024954301800793276
topic 1,time,0.0024545770737499414
topic 1,related,0.0023645453725233546
topic 1,types,0.0023228538079892664
topic 1,developed,0.0022849849867956646
topic 1,health,0.0022725883787871634
topic 1,local,0.002254666999659949
topic 1,methods,0.0022385209256088247
topic 1,scale,0.0022283504849054158
topic 1,sustainable,0.0021890332842692387
topic 1,basin,0.0021850756345700387
topic 1,main,0.002160941159968321
topic 1,future,0.002152257802137981
topic 1,conservation,0.0021314677969449494
topic 1,cultivated,0.002063482055326251
topic 1,field,0.0020300294422036075
topic 1,based,0.0020068332405528736
topic 1,planning,0.0019963137717691555
topic 1,variables,0.0019449684838998163
topic 1,services,0.001935396561579351
topic 1,slope,0.001920583201844728
topic 1,method,0.0019154801177700556
topic 1,compared,0.001904443961185503
topic 1,regional,0.0018700558261143159
topic 1,benefit,0.0018671270708624124
topic 1,earth,0.0017859405206463314
topic 1,temporal,0.0017855996248958344
topic 1,found,0.0017576011040585256
topic 1,precipitation,0.0017465772064721714
topic 1,technology,0.0017371755789470078
topic 1,storage,0.0017019424341740948
topic 1,trend,0.001697448296075515
topic 1,map,0.0016857301215950653
topic 1,analysis,0.0016849863427741843
topic 1,including,0.0016777254107189017
topic 1,elsevier,0.0016709391267353884
topic 1,due,0.0016647894645925676
topic 1,pattern,0.001657008486162369
topic 1,temperature,0.0016563750341232
topic 1,countries,0.0016514272411174155
topic 1,runoff,0.0016352832266087877
topic 1,evaluation,0.0016304700819613697
topic 1,low,0.0016065987746098093
topic 1,improve,0.0015921389976178803
topic 1,city,0.0015906870555283336
topic 1,technologies,0.0015748894246707201
topic 1,rate,0.0015733310982283997
topic 1,rights,0.001572005405876417
topic 1,process,0.0015686457919968126
topic 1,increased,0.0015651106439976156
topic 1,social,0.0015559575882957265
topic 1,ndvi,0.0015520280583566418
topic 1,result,0.0015225794946445866
topic 1,policies,0.0015087712327547112
topic 1,risk,0.001484698597020711
topic 1,spectral,0.0014754324793859964
topic 10,study,0.01027587275046834
topic 10,results,0.008827479109061223
topic 10,data,0.008511729483040503
topic 10,management,0.007449191852019841
topic 10,satellite,0.00715616292803157
topic 10,analysis,0.005949492360467559
topic 10,remote,0.005722344222052017
topic 10,environmental,0.005629593078195478
topic 10,models,0.005541488304358048
topic 10,soil,0.005334452021320463
topic 10,potential,0.00465647171050086
topic 10,regions,0.004544098045397974
topic 10,development,0.004414895865194925
topic 10,impact,0.004266855847199936
topic 10,index,0.004098389460142087
topic 10,climate,0.003917519658172763
topic 10,risk,0.003875475284775328
topic 10,change,0.003683649060359272
topic 10,coastal,0.003662324237964672
topic 10,model,0.003655110036786261
topic 10,land,0.0036304695019881562
topic 10,values,0.003394970334150994
topic 10,forest,0.003384505871571738
topic 10,global,0.0033612036593156525
topic 10,information,0.003031197380040885
topic 10,found,0.0029846795845894945
topic 10,increased,0.0029308786878583745
topic 10,resolution,0.0029305951440646164
topic 10,ndvi,0.002906168129720455
topic 10,river,0.0028745014911939937
topic 10,gis,0.0028405707035103677
topic 10,distribution,0.0028393972376169374
topic 10,scale,0.0027882488191146395
topic 10,monitoring,0.002781507178787862
topic 10,health,0.0027607511897740963
topic 10,drought,0.0027339705153153673
topic 10,vegetation,0.002727212821117963
topic 10,average,0.0026889691476653078
topic 10,images,0.002644446329701786
topic 10,cover,0.0025747387834521166
topic 10,time,0.002572219913420353
topic 10,flood,0.002536475977456726
topic 10,variables,0.0023811447542372295
topic 10,services,0.0023805953904263337
topic 10,approach,0.0023594971714514384
topic 10,systems,0.0023209020052779093
topic 10,based,0.0022827371436793917
topic 10,increase,0.0022690885565455465
topic 10,low,0.0021163377883493023
topic 10,research,0.002057236897492017
topic 10,developed,0.0020426884714283265
topic 10,decision,0.0020214634325291204
topic 10,watershed,0.002021171423826063
topic 10,conservation,0.0020178997012976437
topic 10,framework,0.002009451851049314
topic 10,landscape,0.0019768769166806405
topic 10,accuracy,0.0019543780913145775
topic 10,current,0.0019292806069085607
topic 10,sensing,0.0018731731886720208
topic 10,habitat,0.0018534279520011124
topic 10,period,0.0018462596052075662
topic 10,growth,0.0018423484239776188
topic 10,agriculture,0.0018084997793772965
topic 10,ecological,0.0017925668560217346
topic 10,modeling,0.0017901556075424865
topic 10,types,0.001788713237220665
topic 10,maps,0.001783242282510379
topic 10,parameters,0.0017447091383641729
topic 10,dynamics,0.0017372089168257634
topic 10,improve,0.0017336369444164057
topic 10,future,0.00173179723855398
topic 10,population,0.0017298717697873237
topic 10,social,0.0017106436525247198
topic 10,society,0.0017105706755440892
topic 10,urban,0.001688657307548691
topic 10,obtained,0.0016403384272687534
topic 10,methods,0.0016216090267911656
topic 10,carbon,0.0015878624052383984
topic 10,loss,0.0015770921115656985
topic 10,erosion,0.0015701231791924492
topic 10,integrated,0.001567773835555541
topic 10,zones,0.0015521348831157918
topic 10,due,0.001537703503834337
topic 10,extent,0.001536956937984402
topic 10,ecosystem,0.001513463195125033
topic 10,scales,0.0014904748863356699
topic 10,benefits,0.0014757101455868359
topic 10,pollution,0.0014601161669235139
topic 10,total,0.0014458007718270275
topic 10,understanding,0.0014309508377988048
topic 10,significant,0.0014287852360044798
topic 10,major,0.0014198816899349436
topic 10,i.e,0.0014091415931093037
topic 10,key,0.0014075122999596549
topic 10,result,0.0014053850911533822
topic 10,temperature,0.001396940228106575
topic 10,million,0.0013786259883402658
topic 10,space,0.0013367279843976788
topic 10,risks,0.0013282524591925057
topic 10,zone,0.0013274958560881825
topic 11,land,0.012385873170700237
topic 11,study,0.010519865966424112
topic 11,based,0.009543031812476236
topic 11,satellite,0.00775571806789594
topic 11,data,0.0069381346289470154
topic 11,system,0.005859644000874122
topic 11,soil,0.004869687471780824
topic 11,sensing,0.004839954426881744
topic 11,results,0.0047321822189481146
topic 11,economic,0.004725087441259656
topic 11,cover,0.004595007817160446
topic 11,ecosystem,0.004358489420523694
topic 11,method,0.0043092722279460165
topic 11,information,0.004217873532685083
topic 11,remote,0.004176713331468711
topic 11,development,0.004130271104064307
topic 11,accuracy,0.004005411314989129
topic 11,time,0.0037830349050440998
topic 11,decision,0.0036705051159268472
topic 11,vegetation,0.003625940606550762
topic 11,research,0.003624580423995107
topic 11,global,0.003396259803210391
topic 11,monitoring,0.0033188932179675328
topic 11,approach,0.00324742563746485
topic 11,ground,0.0032328733666791174
topic 11,urban,0.0031143534549617816
topic 11,map,0.003014950637835149
topic 11,assessment,0.002991273101912905
topic 11,space,0.002917523120681345
topic 11,environment,0.00289592127467001
topic 11,factors,0.002868808774440433
topic 11,increased,0.002670932926256999
topic 11,field,0.0026692577159714184
topic 11,image,0.0026564891230367155
topic 11,environmental,0.0026529881961059537
topic 11,surface,0.002604057812603714
topic 11,models,0.002573621991425327
topic 11,imagery,0.002476029214372934
topic 11,fire,0.0022952842592890072
topic 11,benefit,0.0022373954845544175
topic 11,planning,0.0022295187826934107
topic 11,studies,0.0022164339142291298
topic 11,values,0.0021941306991827025
topic 11,resources,0.002180222326085539
topic 11,services,0.0021322030504914123
topic 11,detection,0.0021310491976268306
topic 11,management,0.002119711794695815
topic 11,china,0.002093832101441938
topic 11,loss,0.0020921472974866156
topic 11,resolution,0.002083096702830955
topic 11,model,0.0020823704441776413
topic 11,sustainable,0.0020508457295866146
topic 11,waste,0.0020328391043183056
topic 11,national,0.001994459966990768
topic 11,low,0.0019912223217936065
topic 11,proposed,0.0019644617390623636
topic 11,levels,0.001963760992291308
topic 11,period,0.001959982666893391
topic 11,reserved,0.00192952131511361
topic 11,spectral,0.0019019197882374833
topic 11,production,0.001864114377813791
topic 11,tree,0.0018530526433067935
topic 11,drought,0.0018439584645754054
topic 11,program,0.0018193058279545686
topic 11,region,0.0017861820942015947
topic 11,analysis,0.0017698117251074266
topic 11,ecological,0.0017417490711336065
topic 11,techniques,0.0017174197601034352
topic 11,gis,0.0017069272874668056
topic 11,disaster,0.001697554236280259
topic 11,scale,0.0016774363651006073
topic 11,zones,0.001669529070493745
topic 11,applied,0.001646789435232881
topic 11,forests,0.0016409126665223657
topic 11,built,0.0016337617614389124
topic 11,correlation,0.0016321325975531846
topic 11,natural,0.0015903010241484126
topic 11,specific,0.0015861894079817057
topic 11,due,0.0015760312603789808
topic 11,related,0.00157240916351129
topic 11,systems,0.0015699634001422843
topic 11,spatial,0.001564746461964363
topic 11,human,0.001555223523375238
topic 11,impacts,0.0015539959498856155
topic 11,watershed,0.001537447141138058
topic 11,green,0.001505575846915156
topic 11,activities,0.0014942183878100652
topic 11,potential,0.0014769411438958868
topic 11,real,0.00144100441968774
topic 11,society,0.0014235955618477182
topic 11,maps,0.001420479265178656
topic 11,term,0.0014186660817642853
topic 11,risk,0.0014107120806970941
topic 11,images,0.001393766469282999
topic 11,impact,0.0013861195456773936
topic 11,identified,0.0013827135888474203
topic 11,current,0.0013808380206738165
topic 11,air,0.0013807836544233293
topic 11,multiple,0.0013586356002349615
topic 11,construction,0.0013444515319947464
topic 12,data,0.019961894404518742
topic 12,sensing,0.007198533614042676
topic 12,based,0.0066949705128774295
topic 12,model,0.005780176149907214
topic 12,development,0.005619384823324635
topic 12,system,0.005330620891622444
topic 12,management,0.005038125544674086
topic 12,remote,0.0049041203037244185
topic 12,time,0.0048602009190751565
topic 12,paper,0.004805776498172768
topic 12,urban,0.004670355236434022
topic 12,monitoring,0.004304305120236144
topic 12,provide,0.004277717561366932
topic 12,analysis,0.0042264599704555424
topic 12,natural,0.004223468028321724
topic 12,index,0.003931133853644669
topic 12,land,0.003782682112254208
topic 12,technology,0.0036488895622881286
topic 12,research,0.003645108779143457
topic 12,water,0.0035408363512148804
topic 12,support,0.003532474188113234
topic 12,space,0.003514718733760598
topic 12,environment,0.0032437758213719396
topic 12,cover,0.003240017646032725
topic 12,fire,0.0032209515847279988
topic 12,quality,0.0031925599247130984
topic 12,information,0.003049458166738572
topic 12,approach,0.0029773597517520362
topic 12,level,0.0028409917722040045
topic 12,applications,0.002801969033252312
topic 12,spatial,0.002586616231946233
topic 12,social,0.00250332086971065
topic 12,control,0.002469793312919323
topic 12,economic,0.002434736854091267
topic 12,flood,0.002383707617449609
topic 12,models,0.0023809454057728413
topic 12,benefits,0.0023449802265011806
topic 12,including,0.002258491027301692
topic 12,factors,0.002191476229973199
topic 12,resources,0.0021594048462417214
topic 12,design,0.0021151419172350007
topic 12,authors,0.0020587499610233463
topic 12,technologies,0.00202666747690591
topic 12,impacts,0.0020078583361611163
topic 12,systems,0.002006516510062714
topic 12,study,0.001976465916345407
topic 12,resolution,0.001966166172023997
topic 12,disaster,0.001965925496031416
topic 12,industry,0.0019106053260839278
topic 12,biodiversity,0.0018871714252094137
topic 12,project,0.001833400438173593
topic 12,infrastructure,0.001825054715137124
topic 12,growth,0.001823051120992558
topic 12,vegetation,0.001794442546570948
topic 12,derived,0.001766389512867209
topic 12,river,0.0017637220468643283
topic 12,structure,0.0017498966510342954
topic 12,modis,0.0017318330350362516
topic 12,gis,0.0017262858385510276
topic 12,total,0.0017174869676274554
topic 12,tools,0.0017148227587515236
topic 12,activities,0.0017051043573570914
topic 12,distribution,0.0016942161800820898
topic 12,earth,0.0016932232469508343
topic 12,science,0.0016919974276646565
topic 12,human,0.0016657422195318749
topic 12,landsat,0.001644096467708354
topic 12,production,0.0016381079748763862
topic 12,energy,0.0016263458549916985
topic 12,coastal,0.00161862842185255
topic 12,period,0.0015957417671860154
topic 12,role,0.0015752485816183037
topic 12,temporal,0.0015721774822225856
topic 12,environmental,0.0015683564539457258
topic 12,international,0.0015645458556217309
topic 12,sustainable,0.001555714024771102
topic 12,term,0.0015280891101281413
topic 12,understanding,0.0014922453463158479
topic 12,method,0.0014777139742547132
topic 12,population,0.0014694493367043023
topic 12,surface,0.0014656786316871576
topic 12,future,0.0014641009855102009
topic 12,main,0.001453293290829652
topic 12,due,0.001438698689151917
topic 12,society,0.0014277511405987359
topic 12,major,0.0013978145590760305
topic 12,dynamics,0.0013626734311212646
topic 12,resource,0.0013561122696423194
topic 12,effects,0.0013406771131277584
topic 12,providing,0.001336508243634095
topic 12,map,0.0013288767720009097
topic 12,weather,0.0013161293650064136
topic 12,sensor,0.0013093649841084444
topic 12,climate,0.0013073213103263902
topic 12,rights,0.0013025701174102361
topic 12,risk,0.001287906751045488
topic 12,satellite,0.0012697712750498976
topic 12,develop,0.001266419394557203
topic 12,city,0.0012654823487074638
topic 12,variables,0.0012585458804473249
topic 13,water,0.015373936131421309
topic 13,data,0.013540767984726277
topic 13,spatial,0.011558383508514672
topic 13,land,0.010882911509908534
topic 13,study,0.009684484422884965
topic 13,index,0.0076777501706946335
topic 13,based,0.007115787223190939
topic 13,remote,0.0060804654964932104
topic 13,cover,0.0057658486073336014
topic 13,urban,0.005110807839923735
topic 13,approach,0.004849507365850533
topic 13,sensing,0.004684693658535012
topic 13,monitoring,0.0046711412146596175
topic 13,satellite,0.004507708145389221
topic 13,environmental,0.004426757089664494
topic 13,information,0.004391012265569377
topic 13,management,0.004374580063392538
topic 13,images,0.004312783019825177
topic 13,accuracy,0.004185057707440432
topic 13,vegetation,0.004043589935514132
topic 13,analysis,0.0037786768152061902
topic 13,time,0.003733412044078166
topic 13,maps,0.0036808843869593263
topic 13,landsat,0.003518670118746187
topic 13,crop,0.0033813049002714675
topic 13,surface,0.0032506856188824766
topic 13,factors,0.003246983811035144
topic 13,significant,0.0032009285030032693
topic 13,research,0.003187998918058285
topic 13,method,0.0031552572690212188
topic 13,system,0.0030933521771763796
topic 13,assessment,0.0030773487419583604
topic 13,temporal,0.0030526571791535625
topic 13,difference,0.003023287580894907
topic 13,conditions,0.002991823716642038
topic 13,mapping,0.002944723379162156
topic 13,resources,0.0029090437788457497
topic 13,models,0.0028248750662131453
topic 13,field,0.002767687643612151
topic 13,resolution,0.0027481978129609954
topic 13,model,0.002667117041063037
topic 13,imagery,0.0026268589189337712
topic 13,low,0.0025145850388375943
topic 13,ndvi,0.0025053729353530603
topic 13,landscape,0.0024784723396305366
topic 13,classification,0.002467206300287798
topic 13,multi,0.0024579711614170323
topic 13,distribution,0.002424962532008538
topic 13,map,0.0023306936861443445
topic 13,economic,0.0023093176868687654
topic 13,soil,0.002275449510200968
topic 13,habitat,0.0022085835180695908
topic 13,conservation,0.0021041025620630394
topic 13,total,0.0020861092220987535
topic 13,scale,0.0020782395034088493
topic 13,change,0.0020655621022617724
topic 13,impact,0.0020640049177512963
topic 13,china,0.002057281409229597
topic 13,due,0.001992993281029838
topic 13,error,0.0019773839178372577
topic 13,river,0.0019763411972380535
topic 13,annual,0.0019714149311461982
topic 13,algorithm,0.0019682424580063614
topic 13,structure,0.001948691401335232
topic 13,evapotranspiration,0.0019390513203383275
topic 13,developed,0.001914902379222443
topic 13,compared,0.0018954240729231612
topic 13,tree,0.0018387656495606173
topic 13,network,0.0018231276913975938
topic 13,series,0.0017374423435535982
topic 13,characteristics,0.0017210399677279557
topic 13,sustainable,0.0017021807882221336
topic 13,applied,0.0017018452276879393
topic 13,techniques,0.0016974638347302638
topic 13,proposed,0.0016898474927839263
topic 13,increase,0.0016880465700927392
topic 13,support,0.0016770328790453066
topic 13,result,0.0016724542180090389
topic 13,level,0.0016674752733324522
topic 13,products,0.0016622819866366355
topic 13,accurate,0.0016598189628669198
topic 13,methods,0.0016576952187492935
topic 13,flood,0.0016493482210119593
topic 13,potential,0.0016356601257279495
topic 13,learning,0.0016292900224171409
topic 13,found,0.001627859687810232
topic 13,performance,0.0016206170066391742
topic 13,related,0.0015895259697445245
topic 13,features,0.0015635293391601049
topic 13,sites,0.0015455933271798735
topic 13,impacts,0.001543583855779009
topic 13,resource,0.001539542189310673
topic 13,benefits,0.0015194585081894098
topic 13,machine,0.001516040631917541
topic 13,specific,0.0015078685078242743
topic 13,observed,0.0014771074166620092
topic 13,lulc,0.0014683883342252193
topic 13,key,0.0014604070406832072
topic 13,normalized,0.0014552898956753716
topic 13,canopy,0.0014428730735546126
topic 14,forest,0.01504782628286362
topic 14,data,0.011915169268084053
topic 14,fire,0.006986758219670889
topic 14,species,0.006802235162662794
topic 14,remote,0.006656911011914331
topic 14,sensing,0.006133879872740134
topic 14,information,0.005866210181002678
topic 14,models,0.0054383280438038825
topic 14,satellite,0.005038261924603317
topic 14,system,0.0047644644695804044
topic 14,based,0.004545009566931603
topic 14,environmental,0.004406959736691591
topic 14,water,0.004208300492184769
topic 14,systems,0.004142399645914333
topic 14,analysis,0.004059259247531555
topic 14,potential,0.0040490564217335575
topic 14,cost,0.004025622196220751
topic 14,model,0.003592710878442823
topic 14,impact,0.0034995982233443725
topic 14,region,0.003360075354846491
topic 14,forests,0.0031962153504883134
topic 14,land,0.0030404821587419737
topic 14,services,0.002974485474434007
topic 14,study,0.002865508110151081
topic 14,variables,0.00259334669765276
topic 14,due,0.00257558731946323
topic 14,precipitation,0.0025282210732781776
topic 14,research,0.0025090944945689577
topic 14,distribution,0.002468180966415939
topic 14,management,0.0024050411468944178
topic 14,biodiversity,0.00238045418457589
topic 14,results,0.0023507060025331197
topic 14,spectral,0.0023318173483915868
topic 14,cover,0.0023189913572397515
topic 14,public,0.0023166691852624832
topic 14,ecosystem,0.0023027898004863577
topic 14,soil,0.0022756484544742095
topic 14,regions,0.002239993035073244
topic 14,china,0.0020737753811472495
topic 14,resources,0.0020594309311292975
topic 14,classification,0.002058098014574509
topic 14,total,0.002042168807931557
topic 14,provide,0.0020119213551376123
topic 14,studies,0.0019819866206675597
topic 14,compared,0.0019717759225010402
topic 14,related,0.0019311075857010743
topic 14,spatial,0.0019165272214241868
topic 14,policy,0.0018941497783230392
topic 14,types,0.0018936679456551969
topic 14,landsat,0.0018908324479214212
topic 14,approach,0.0018622069039699513
topic 14,sensed,0.0018621992252172612
topic 14,air,0.0018381708287465526
topic 14,application,0.0018240994298045184
topic 14,future,0.0017993703193905843
topic 14,growth,0.0017710231526608983
topic 14,reserved,0.0017671632837365921
topic 14,authors,0.001756586857065311
topic 14,process,0.0017350637119336668
topic 14,significantly,0.001710268207012704
topic 14,measurements,0.001702605153985322
topic 14,mapping,0.0016896361085387646
topic 14,local,0.0016225130021378187
topic 14,estimates,0.0016084457003446343
topic 14,costs,0.0015988754231054737
topic 14,low,0.0015985841256908738
topic 14,including,0.0015844526307187494
topic 14,provided,0.0015684583394991608
topic 14,grassland,0.0015569890414443876
topic 14,ecosystems,0.0015500629824903845
topic 14,south,0.0015499793923497884
topic 14,range,0.0015457476383984937
topic 14,resolution,0.0015104868401369432
topic 14,environment,0.0015013688376113894
topic 14,impacts,0.0014908444555920002
topic 14,assessment,0.0014759853329348966
topic 14,pollution,0.0014735603589210186
topic 14,level,0.001473496584504863
topic 14,activities,0.001462769969451476
topic 14,applied,0.001454765595976255
topic 14,increasing,0.0014535563772374457
topic 14,production,0.0014448316021369873
topic 14,observed,0.0014439037365058382
topic 14,identify,0.0014259826429447657
topic 14,relationship,0.0014235345726688617
topic 14,sites,0.0014003986421639405
topic 14,rainfall,0.0013982296192075426
topic 14,multi,0.001377258503730865
topic 14,rate,0.001356745236802589
topic 14,period,0.0013561629811326644
topic 14,climate,0.0013561109309524122
topic 14,remotely,0.0013529853800750898
topic 14,basin,0.0013329065003967577
topic 14,planning,0.0013314999250665155
topic 14,tool,0.0013254679052076038
topic 14,real,0.0013250736357866596
topic 14,river,0.0013248563565465932
topic 14,agriculture,0.0013058217710457238
topic 14,locations,0.001298533896420402
topic 14,fires,0.0012916851178539246
topic 2,water,0.022335417194146976
topic 2,land,0.01986949826363378
topic 2,study,0.010335865253979587
topic 2,vegetation,0.008306997579784902
topic 2,forest,0.008184346016783046
topic 2,results,0.007961173024072067
topic 2,management,0.007915633378061556
topic 2,agricultural,0.007526883646457466
topic 2,cover,0.007274918040154652
topic 2,model,0.006800779126337654
topic 2,data,0.005858848494475935
topic 2,based,0.0055087935192517975
topic 2,urban,0.004965177058671512
topic 2,landscape,0.004599181930615253
topic 2,irrigation,0.004388034519982303
topic 2,field,0.0038460878610641243
topic 2,spatial,0.003821927358609451
topic 2,analysis,0.003805706783315758
topic 2,ecological,0.0037723534186917362
topic 2,sensing,0.0036161535905133105
topic 2,satellite,0.0036075074181969916
topic 2,scale,0.0035351459271625463
topic 2,research,0.0034691242480967303
topic 2,resources,0.0033806768232168575
topic 2,approach,0.0032495315632458145
topic 2,quality,0.0032381196371066593
topic 2,conservation,0.0032256690711052515
topic 2,habitat,0.0031880069730094345
topic 2,factors,0.003177759556542902
topic 2,types,0.0031183686616456296
topic 2,regional,0.003083172668435085
topic 2,values,0.003082976617719097
topic 2,environmental,0.00305789449836441
topic 2,resolution,0.0030213655268529257
topic 2,surface,0.0030135949646407276
topic 2,coastal,0.002870027761235545
topic 2,assessment,0.002836043934145251
topic 2,increase,0.002817071453145084
topic 2,potential,0.0028023627612402896
topic 2,paper,0.0027925539001787385
topic 2,groundwater,0.002774389149216087
topic 2,crop,0.0027675552807794068
topic 2,planning,0.0027477072797571726
topic 2,policy,0.002690902789047191
topic 2,fire,0.002604425857696813
topic 2,conditions,0.0025497328999050054
topic 2,information,0.0025377514647735976
topic 2,natural,0.0024034023455655968
topic 2,authors,0.0023808361248707343
topic 2,derived,0.0022026918448267065
topic 2,benefits,0.002199008651566178
topic 2,basin,0.0021749178056462266
topic 2,remote,0.0021098360710380295
topic 2,support,0.002054647495902376
topic 2,level,0.002001162306837129
topic 2,region,0.0019246075986241473
topic 2,obtained,0.0019199201936256408
topic 2,system,0.001871983983264697
topic 2,provide,0.0018593682053481032
topic 2,evaluated,0.001844345750007374
topic 2,low,0.0017736098592282497
topic 2,yield,0.0017706692146647644
topic 2,social,0.0017647675668310534
topic 2,applied,0.0017640383293560447
topic 2,main,0.001763417630827206
topic 2,risk,0.0017617636951488618
topic 2,carbon,0.0017508236895108608
topic 2,series,0.001720901154383401
topic 2,soil,0.0016939105496878543
topic 2,wetland,0.0016880406519388857
topic 2,effects,0.0016739738372091618
topic 2,ecosystem,0.00165691724452197
topic 2,growth,0.0016451563467404409
topic 2,coal,0.0016311655365088508
topic 2,current,0.0016078827642904251
topic 2,estimation,0.001564596225637907
topic 2,service,0.0015472375824243415
topic 2,erosion,0.0015354190526353153
topic 2,estimate,0.001526760659834541
topic 2,production,0.001516870293966982
topic 2,grassland,0.0014932004636198297
topic 2,increasing,0.0014880140855432046
topic 2,result,0.0014809996329814756
topic 2,annual,0.0014644356839181095
topic 2,local,0.0014573184200970635
topic 2,development,0.0014445056916757859
topic 2,total,0.0014423244623946545
topic 2,sustainable,0.0014367073197780657
topic 2,methods,0.001436077064756584
topic 2,major,0.0014322577018421277
topic 2,productivity,0.0014244229501266087
topic 2,framework,0.0014214256939245585
topic 2,regression,0.0014170201144433113
topic 2,systems,0.001413132190178048
topic 2,importance,0.0014114542894949392
topic 2,process,0.0014113411872938258
topic 2,media,0.001410234646961465
topic 2,climate,0.0014079322523323006
topic 2,benefit,0.0013897700172775022
topic 2,type,0.0013825514663050361
topic 3,data,0.01539401969921012
topic 3,study,0.011819106751431871
topic 3,management,0.009891181469655706
topic 3,water,0.006020275432558448
topic 3,values,0.005875772364946191
topic 3,remote,0.005345609913852608
topic 3,ecosystem,0.004522492582516581
topic 3,time,0.004438590663809766
topic 3,climate,0.004406748919461793
topic 3,provide,0.004320929737671504
topic 3,information,0.003724448498721959
topic 3,index,0.00365950462871402
topic 3,field,0.0032653910065926265
topic 3,spatial,0.0032080109392638267
topic 3,monitoring,0.003199504297901501
topic 3,economic,0.003127433137312594
topic 3,region,0.0030091920606525953
topic 3,change,0.002920017393480353
topic 3,resources,0.0029100834327955454
topic 3,environmental,0.002863148442824688
topic 3,soil,0.0027536210700731508
topic 3,benefits,0.002725493956587724
topic 3,paper,0.002689797311223137
topic 3,environment,0.0025871129377607895
topic 3,including,0.0025822353263824484
topic 3,average,0.0025215615409439856
topic 3,increase,0.0024715181485098357
topic 3,landsat,0.002422186894376701
topic 3,control,0.0023660355040829024
topic 3,application,0.0023239800611532285
topic 3,found,0.002289608116838456
topic 3,system,0.0022019204634062227
topic 3,model,0.002184592244969777
topic 3,species,0.0021743837141979462
topic 3,health,0.0021675477225814787
topic 3,characteristics,0.0021331929377822185
topic 3,dynamics,0.002094915376220463
topic 3,studies,0.002088341139606712
topic 3,ecological,0.0020729223122195857
topic 3,local,0.0019795743416110897
topic 3,activities,0.0019776640165698085
topic 3,based,0.001974911551255391
topic 3,main,0.001953665156338013
topic 3,due,0.0019394748311184064
topic 3,estimated,0.0018736724235554507
topic 3,systems,0.0018676122211968326
topic 3,regions,0.0018632719351645648
topic 3,risk,0.001852738555661335
topic 3,method,0.0018471787142544647
topic 3,low,0.0018458991232489477
topic 3,landscape,0.0018417317290150596
topic 3,services,0.001841614187060111
topic 3,significant,0.0018390779299680105
topic 3,rate,0.0018234606798404021
topic 3,fire,0.0017582754627542612
topic 3,applications,0.0017508643894967027
topic 3,sensing,0.0017357429019096687
topic 3,green,0.0017332313143045958
topic 3,factors,0.0017160843097645912
topic 3,quality,0.0016991223680476
topic 3,power,0.0016973847965560712
topic 3,development,0.001678601087755362
topic 3,rights,0.0016746285303166142
topic 3,resource,0.0016426232224464228
topic 3,range,0.0016346333479152775
topic 3,national,0.0016147429331618544
topic 3,basin,0.0016104161996708414
topic 3,satellite,0.0015838282680655275
topic 3,sources,0.001567218572021987
topic 3,scale,0.0015656001185299973
topic 3,major,0.0015630653327075562
topic 3,surface,0.0015546358790273218
topic 3,importance,0.0015241418920269125
topic 3,reserved,0.0015042100775564098
topic 3,period,0.001473049020648867
topic 3,disaster,0.0014584857998026057
topic 3,policy,0.0014413619681793016
topic 3,vulnerability,0.0014309733172543503
topic 3,accuracy,0.001430093776794317
topic 3,energy,0.0014211921680612131
topic 3,science,0.001398774114133388
topic 3,research,0.0013968067240083437
topic 3,future,0.0013941256852034022
topic 3,population,0.001384665709995598
topic 3,term,0.0013785783961633396
topic 3,solar,0.001377801198901561
topic 3,urban,0.0013686448975938899
topic 3,annual,0.0013677662026163994
topic 3,planning,0.001367005604407412
topic 3,site,0.0013422898024650094
topic 3,potential,0.0013372077669923713
topic 3,lake,0.0013293447822882761
topic 3,scientific,0.0013178864298785504
topic 3,geographic,0.0013136545811814038
topic 3,observations,0.0012988614224221625
topic 3,river,0.0012975095159910841
topic 3,key,0.0012893390986047726
topic 3,conservation,0.0012860621278741615
topic 3,park,0.0012851190711182581
topic 3,products,0.0012749005249761457
topic 4,data,0.013289496245118887
topic 4,land,0.012239312954268606
topic 4,space,0.009934995210466275
topic 4,based,0.008759913835869307
topic 4,remote,0.00761964496536709
topic 4,study,0.007030539311269334
topic 4,landscape,0.006842176613188331
topic 4,management,0.00679189662543968
topic 4,urban,0.006205684343240597
topic 4,sensing,0.006009174484792646
topic 4,cover,0.005796085292135338
topic 4,soil,0.005733102596235284
topic 4,spatial,0.005415635646856916
topic 4,analysis,0.004851166622020231
topic 4,vegetation,0.004822520225592449
topic 4,surface,0.004074271761652904
topic 4,level,0.0037367592266522114
topic 4,system,0.003634352523550325
topic 4,resolution,0.0034946714866226298
topic 4,research,0.003432931677733341
topic 4,model,0.003324255165076809
topic 4,quality,0.003320047158691932
topic 4,accuracy,0.0032451458862870148
topic 4,climate,0.003178579587131611
topic 4,index,0.003155238852715573
topic 4,global,0.0030937218544105586
topic 4,conservation,0.0030580541600444566
topic 4,significant,0.002999529228018843
topic 4,values,0.0028809617215107964
topic 4,results,0.0028620012605051733
topic 4,impact,0.002738125719232866
topic 4,services,0.002708103996297836
topic 4,moisture,0.0027062440952358583
topic 4,risk,0.0026998584064486055
topic 4,earth,0.002611083931375598
topic 4,ecological,0.0025963791435405746
topic 4,river,0.0025675211139986865
topic 4,ndvi,0.002543294864290023
topic 4,human,0.002520786701271
topic 4,planning,0.0024923095090904064
topic 4,satellite,0.002482321379315586
topic 4,low,0.0024768589889491294
topic 4,methods,0.002461204386487206
topic 4,regional,0.0024463602793517725
topic 4,performance,0.0024068002859569883
topic 4,field,0.0023701084178355007
topic 4,images,0.0023303036427002283
topic 4,species,0.002213777520614205
topic 4,activities,0.0022069034679795246
topic 4,increase,0.0021871771213103834
topic 4,national,0.002151500218862879
topic 4,imagery,0.0020540450865075403
topic 4,compared,0.0020246425011676153
topic 4,information,0.002020491250859006
topic 4,time,0.002018243113828332
topic 4,city,0.001996025662606233
topic 4,flood,0.001950273927785245
topic 4,image,0.0019454073793113058
topic 4,coastal,0.0018934517591042178
topic 4,rainfall,0.0018660343797635539
topic 4,spectral,0.001851677612313484
topic 4,habitat,0.001850497830340821
topic 4,international,0.0018188311524402275
topic 4,technology,0.0018153471560114853
topic 4,developed,0.0017847073832802924
topic 4,models,0.0017818212945213516
topic 4,estimated,0.0017780791781949847
topic 4,lst,0.0017664430549516061
topic 4,products,0.001738444276522902
topic 4,natural,0.001727670835999304
topic 4,map,0.0017133810485923935
topic 4,temperature,0.0017109134214161287
topic 4,proposed,0.0016986171348137857
topic 4,grassland,0.0016904261234283347
topic 4,conditions,0.0016775316039725394
topic 4,economic,0.0016734567707037253
topic 4,process,0.0016514798155187994
topic 4,processes,0.0016137931638324765
topic 4,support,0.0016109329478563928
topic 4,lower,0.0016108493811143793
topic 4,temporal,0.0016039638958402934
topic 4,current,0.001567578479715663
topic 4,specific,0.0015474343657143545
topic 4,water,0.0015457858005629341
topic 4,improve,0.0015289093634033022
topic 4,environmental,0.0015099364684955673
topic 4,method,0.0015007874396861423
topic 4,average,0.0014782611917290088
topic 4,service,0.0014503491853368022
topic 4,social,0.0014496513523710307
topic 4,increasing,0.00142430943690058
topic 4,observed,0.0014219001143685817
topic 4,disaster,0.0014151404865804613
topic 4,commercial,0.0014146808788844639
topic 4,relationship,0.0014059650223637
topic 4,lake,0.0014028825677208363
topic 4,parameters,0.0013946629668180211
topic 4,techniques,0.001392454720365333
topic 4,security,0.0013921792815322124
topic 4,basin,0.0013880969820054974
topic 5,results,0.011646962388926131
topic 5,forest,0.009565746607158665
topic 5,based,0.009267994181521903
topic 5,change,0.0075683586229474496
topic 5,spatial,0.006943418682579457
topic 5,ecological,0.006504622407115527
topic 5,information,0.006276011852428935
topic 5,monitoring,0.005167418401587591
topic 5,sensing,0.005012187677656134
topic 5,ecosystem,0.005002962511432749
topic 5,models,0.004880627256314238
topic 5,analysis,0.004711967883279077
topic 5,values,0.004515308519683133
topic 5,economic,0.004495249903234936
topic 5,services,0.0044257868827955495
topic 5,model,0.004348270655919423
topic 5,quality,0.0042607767076071265
topic 5,research,0.004164498266326995
topic 5,accuracy,0.004126868637216635
topic 5,climate,0.004002467069938372
topic 5,conservation,0.003959150008420858
topic 5,time,0.003917501930112686
topic 5,images,0.0038461342199123246
topic 5,service,0.0038323458893584207
topic 5,satellite,0.003770193916124743
topic 5,methods,0.0036013966586100053
topic 5,system,0.003361873199407031
topic 5,natural,0.003230468158803919
topic 5,vegetation,0.003175807258706804
topic 5,cover,0.003158700833415479
topic 5,space,0.003152786315578732
topic 5,urban,0.0031418465434763314
topic 5,decision,0.0029746167678208098
topic 5,human,0.0029715502675079614
topic 5,potential,0.00292895585934036
topic 5,cost,0.0028611760110677513
topic 5,maps,0.0028535496974345124
topic 5,studies,0.002775855242383069
topic 5,resources,0.002765640100052333
topic 5,technology,0.0027216105139323
topic 5,temporal,0.002717769074905465
topic 5,sustainable,0.0025671397063926184
topic 5,systems,0.0025269352470184106
topic 5,gis,0.0024882627112605003
topic 5,process,0.002462442073800767
topic 5,water,0.0024384164262048103
topic 5,assessment,0.002434608878580222
topic 5,products,0.0023799862986329436
topic 5,regional,0.0023074822399219053
topic 5,characteristics,0.002300078098892621
topic 5,region,0.0022581662564299487
topic 5,global,0.002222387086842365
topic 5,level,0.0022201734839378618
topic 5,city,0.002204129533095394
topic 5,benefits,0.002196964608447452
topic 5,developed,0.0021871557726978424
topic 5,ndvi,0.0021636244634895357
topic 5,techniques,0.0021417963172351657
topic 5,activities,0.0021386284985398414
topic 5,local,0.0021357776430032615
topic 5,environmental,0.00205924260779028
topic 5,wetland,0.002043225623801681
topic 5,framework,0.0020227328959660025
topic 5,proposed,0.0019498432540784232
topic 5,species,0.001920049479716386
topic 5,levels,0.0018808605485222559
topic 5,regions,0.0018702052938146994
topic 5,data,0.001867240943515561
topic 5,compared,0.0018612708765873899
topic 5,earth,0.0018455738245694462
topic 5,assess,0.0018192919090464917
topic 5,elsevier,0.0018164197483343271
topic 5,range,0.0017709743729234944
topic 5,series,0.0017448598316238625
topic 5,soil,0.0017309562285013106
topic 5,map,0.0017282391416766664
topic 5,approach,0.0017224288539651044
topic 5,observation,0.0017219716312111759
topic 5,risk,0.0017116421011863173
topic 5,resolution,0.001709274766204408
topic 5,south,0.001692474831685792
topic 5,effect,0.0016555014106500007
topic 5,network,0.0016315943242492252
topic 5,patterns,0.0016292984027919575
topic 5,lake,0.0015852811494686514
topic 5,science,0.0015808559525481059
topic 5,regression,0.0015778223452647248
topic 5,degradation,0.0015749804421019704
topic 5,trend,0.001561656483676269
topic 5,function,0.00154905922884167
topic 5,increased,0.0015212911141499474
topic 5,observations,0.0015208718064449347
topic 5,development,0.00151859486370111
topic 5,impacts,0.0015071999417492943
topic 5,land,0.0015049307280568477
topic 5,technologies,0.0015009922149871245
topic 5,distribution,0.0014912738245738968
topic 5,understanding,0.0014841584371519533
topic 5,spectral,0.0014744970856524508
topic 5,b.v,0.0014610571060623143
topic 6,data,0.016946967535365547
topic 6,model,0.015054229036093358
topic 6,study,0.011955744514939633
topic 6,water,0.009037941449472432
topic 6,sensing,0.008591612669387301
topic 6,soil,0.007590004155830272
topic 6,spatial,0.007363587084930078
topic 6,based,0.007276743572497981
topic 6,values,0.006705815276853499
topic 6,method,0.006629210045466055
topic 6,management,0.006561522223662281
topic 6,vegetation,0.005572290737189202
topic 6,development,0.005370023648867414
topic 6,species,0.005190811604489766
topic 6,results,0.005025877897530959
topic 6,classification,0.0046832942966458435
topic 6,system,0.004456624397008176
topic 6,methods,0.004441612369276298
topic 6,forest,0.004291941221458659
topic 6,remote,0.004172883883089276
topic 6,monitoring,0.00361015376965178
topic 6,resolution,0.003563209512143449
topic 6,index,0.0033958674402678976
topic 6,significant,0.003385121280380802
topic 6,river,0.0033580099393527244
topic 6,scale,0.0033309555796047488
topic 6,analysis,0.003317142176442984
topic 6,biomass,0.003252027327479493
topic 6,ecological,0.0032206041858875148
topic 6,images,0.003172435977651612
topic 6,variables,0.003169177878632444
topic 6,environmental,0.003164297447344259
topic 6,obtained,0.003082149737509183
topic 6,mapping,0.003074903286398334
topic 6,ground,0.0029873839493582246
topic 6,temporal,0.002914123993280877
topic 6,crop,0.002857873739314596
topic 6,correlation,0.002853110120946317
topic 6,map,0.0028190403851197027
topic 6,time,0.002774241636221461
topic 6,regression,0.002761180565102382
topic 6,tree,0.002747477912325634
topic 6,regional,0.0026910644669437614
topic 6,cost,0.0026886097933890452
topic 6,distribution,0.0026834096948150318
topic 6,carbon,0.0026042648961364196
topic 6,ecosystem,0.002584869409256184
topic 6,economic,0.002551691909282584
topic 6,derived,0.0025290747798068984
topic 6,total,0.0025147564880388003
topic 6,erosion,0.002490762533551793
topic 6,landsat,0.0024356050934073036
topic 6,effective,0.002390590792732757
topic 6,studies,0.0023691117510729696
topic 6,low,0.0023148853412817434
topic 6,land,0.0022530433416873036
topic 6,region,0.002237133680270702
topic 6,potential,0.0021327981769718157
topic 6,accurate,0.0020882437338979073
topic 6,basin,0.002064230551925164
topic 6,image,0.002061153913125561
topic 6,natural,0.002058691296067739
topic 6,rmse,0.0020442357359970794
topic 6,network,0.0020337153000504556
topic 6,ndvi,0.002018364829376667
topic 6,performance,0.0020098702479710495
topic 6,estimated,0.001977410992137424
topic 6,china,0.001954239705708975
topic 6,found,0.0019497361267466666
topic 6,algorithm,0.001943095696520233
topic 6,prediction,0.0019353706625562736
topic 6,validation,0.0018838482464002973
topic 6,imagery,0.0018830886127301353
topic 6,features,0.0018705788793573815
topic 6,factor,0.0018506752316877248
topic 6,urban,0.0017961331370767442
topic 6,growth,0.001786394934586198
topic 6,detection,0.0017785884621339667
topic 6,surface,0.0017360111181297256
topic 6,band,0.001713588440058388
topic 6,estimate,0.0016694895100500746
topic 6,lower,0.0016419237508579908
topic 6,emissions,0.0015844337828547245
topic 6,forests,0.0015703993857064517
topic 6,indices,0.0015617595872315993
topic 6,annual,0.0015427714013520179
topic 6,conservation,0.0015388354675392511
topic 6,reserved,0.0015292630977892167
topic 6,gis,0.0015185661908856942
topic 6,coefficient,0.001509517755797927
topic 6,agricultural,0.0014902616251787364
topic 6,techniques,0.0014888301060397384
topic 6,future,0.0014881435003808595
topic 6,applied,0.0014551898554095704
topic 6,main,0.001426691528807737
topic 6,compared,0.0014173563976225708
topic 6,variation,0.0014161599909349508
topic 6,agb,0.0014152868936930065
topic 6,estimation,0.0014094734392600158
topic 6,authors,0.0014046781519027128
topic 7,forest,0.01075905685406669
topic 7,development,0.009058870198249254
topic 7,model,0.008498793636760735
topic 7,land,0.008108500529940629
topic 7,data,0.00683964795788933
topic 7,change,0.006751360193532698
topic 7,information,0.006131210033889375
topic 7,values,0.005781139965662422
topic 7,environmental,0.005728426277650526
topic 7,study,0.005196844640920754
topic 7,analysis,0.004965201708147487
topic 7,image,0.004892557037174868
topic 7,vegetation,0.004849543010631421
topic 7,satellite,0.00472323286290988
topic 7,accuracy,0.00467246246034526
topic 7,based,0.004623360899395318
topic 7,images,0.004508671614414484
topic 7,spatial,0.0043614559461834885
topic 7,classification,0.004198805747818055
topic 7,ecological,0.004166324516829082
topic 7,results,0.003914326989419827
topic 7,paper,0.0038823885492579886
topic 7,urban,0.003695380790607728
topic 7,conservation,0.003624653824491589
topic 7,time,0.0036219057792722057
topic 7,services,0.0035320260050126515
topic 7,support,0.003443795135110021
topic 7,global,0.003254296819698643
topic 7,monitoring,0.0032346218430491947
topic 7,remote,0.003061851139509801
topic 7,natural,0.003036453192194347
topic 7,benefits,0.002768824304119462
topic 7,algorithm,0.0027569557308387183
topic 7,proposed,0.0027215318980950086
topic 7,quality,0.0027125270127282596
topic 7,due,0.0026801907492791217
topic 7,resources,0.0025928314244300405
topic 7,policy,0.002580426527154441
topic 7,provide,0.002568481612984681
topic 7,production,0.002519157522277729
topic 7,effective,0.0024639299376304708
topic 7,local,0.0024568602469653813
topic 7,space,0.00243382741104283
topic 7,climate,0.002391353926415935
topic 7,precipitation,0.0023824676972012157
topic 7,decision,0.0023629556774340536
topic 7,conditions,0.002300311415370309
topic 7,ecosystem,0.0022731752464835594
topic 7,temporal,0.0022552678261950954
topic 7,potential,0.0022423988524227024
topic 7,index,0.0022164772277641384
topic 7,developed,0.002189235362567913
topic 7,future,0.0021843362445794785
topic 7,main,0.002177499127893826
topic 7,planning,0.0021494438739093707
topic 7,method,0.0021493349274662645
topic 7,temperature,0.002093119481410052
topic 7,including,0.0020863516709178293
topic 7,low,0.002084168258652738
topic 7,biodiversity,0.0020549368585670224
topic 7,average,0.0020309172703085387
topic 7,process,0.001992257960121247
topic 7,loss,0.001953817249013772
topic 7,scale,0.0019507292619302986
topic 7,increased,0.0019507249834628162
topic 7,water,0.001934198417265974
topic 7,carbon,0.0019250803810718902
topic 7,field,0.0019088292981921096
topic 7,impacts,0.0018983651662831224
topic 7,features,0.0018681959674123976
topic 7,construction,0.0018376604020844433
topic 7,applications,0.0018365048043739167
topic 7,period,0.0018286718197476656
topic 7,countries,0.0018248168951089793
topic 7,habitat,0.001819344634823907
topic 7,gis,0.0018071295049257314
topic 7,environment,0.0017729826278844436
topic 7,surface,0.0017567479845023545
topic 7,air,0.001725223029249479
topic 7,increase,0.0016845299704966654
topic 7,research,0.001678227038918378
topic 7,soil,0.0016631351598083576
topic 7,parameters,0.0016314823472525289
topic 7,types,0.0016062226000893589
topic 7,range,0.0015929597140888433
topic 7,risk,0.0015855801051370552
topic 7,significant,0.0015679968987344257
topic 7,sensing,0.0015669592313249936
topic 7,network,0.0015598623522918742
topic 7,degradation,0.0015561096504823405
topic 7,importance,0.0015539359460562006
topic 7,rainfall,0.001546731073719476
topic 7,compared,0.0015461880225379218
topic 7,multi,0.0015435684284136057
topic 7,framework,0.0015372103927662395
topic 7,performance,0.0015369567617067482
topic 7,improved,0.0015334761902073607
topic 7,flood,0.0015266744318618703
topic 7,tree,0.0014960930417422175
topic 7,modeling,0.0014849705854569097
topic 8,data,0.019754672194743896
topic 8,satellite,0.009858322444207444
topic 8,management,0.007565477459896607
topic 8,development,0.0062517247082659625
topic 8,soil,0.0061837379854345845
topic 8,vegetation,0.005673874226962068
topic 8,based,0.005503227622289012
topic 8,space,0.005393531937178404
topic 8,water,0.005270004344464665
topic 8,method,0.004786917772752373
topic 8,results,0.0047669175525975
topic 8,environmental,0.004579950439703647
topic 8,study,0.004400409893555818
topic 8,paper,0.003939127255261737
topic 8,support,0.003551953175210266
topic 8,global,0.003548636326468144
topic 8,potential,0.0033530212315157006
topic 8,scale,0.0031310231459805125
topic 8,natural,0.0031050138352495234
topic 8,earth,0.003002252396681834
topic 8,economic,0.0029700602244531658
topic 8,environment,0.002847759625130824
topic 8,field,0.0028174510230220386
topic 8,remote,0.002764702518344125
topic 8,proposed,0.002703125970586711
topic 8,landsat,0.0026622956790745248
topic 8,classification,0.0026290516047967048
topic 8,products,0.002614832267165324
topic 8,model,0.0026062372698919018
topic 8,level,0.0025737537894894866
topic 8,values,0.0025580327162676164
topic 8,models,0.0025539323854203337
topic 8,region,0.0025438460080434815
topic 8,modis,0.0025348949070543966
topic 8,risk,0.0025113955606828886
topic 8,derived,0.002462037739944267
topic 8,compared,0.0024346412928152664
topic 8,regional,0.0024023350129091163
topic 8,obtained,0.0024010151112245103
topic 8,national,0.00230038805490971
topic 8,mapping,0.002285037033315568
topic 8,related,0.0022778346608977856
topic 8,resolution,0.002261272927700401
topic 8,decision,0.0022513842533864506
topic 8,cloud,0.0022142437162324755
topic 8,factors,0.0021736082390066036
topic 8,target,0.0021510923664742423
topic 8,sites,0.0021300652290659854
topic 8,characteristics,0.0021193930834652575
topic 8,moisture,0.002112522358598908
topic 8,conditions,0.0021071906171895322
topic 8,developed,0.0020689699923769262
topic 8,provide,0.0020447514558666535
topic 8,low,0.0020315868885804884
topic 8,learning,0.002014002284277013
topic 8,species,0.00200137172673223
topic 8,human,0.001973949705515762
topic 8,fire,0.001948154736818072
topic 8,assessment,0.0019321313456266943
topic 8,maps,0.0019075399795851215
topic 8,due,0.0018823753352480142
topic 8,satellites,0.0018454059635830617
topic 8,energy,0.0018290139728302731
topic 8,difference,0.0018274590566682582
topic 8,change,0.0018239344281730332
topic 8,application,0.0018177288809957661
topic 8,sentinel,0.0018080186508485014
topic 8,including,0.0017988751165371832
topic 8,sensing,0.0017964313864561288
topic 8,future,0.00179135103718941
topic 8,sustainable,0.0017549306116151073
topic 8,cover,0.0017462553577886686
topic 8,disaster,0.0017072189302338389
topic 8,land,0.0017026340541603023
topic 8,local,0.0016849631108281794
topic 8,benefits,0.0016847644571659512
topic 8,multi,0.0016830640657960966
topic 8,parameters,0.0016739981644213486
topic 8,technology,0.0016715662857679082
topic 8,evapotranspiration,0.0016091399422031316
topic 8,elsevier,0.001605555103411784
topic 8,effective,0.0015963274817852196
topic 8,error,0.0015824622499225846
topic 8,machine,0.0015820489178304392
topic 8,key,0.0015804398857840601
topic 8,map,0.001577325824693199
topic 8,agriculture,0.0015479855230482464
topic 8,assess,0.0015416792736147752
topic 8,world,0.0015352950343184531
topic 8,performance,0.0015330025468562318
topic 8,yield,0.0015097406503465863
topic 8,air,0.001501320114125884
topic 8,health,0.001499483033859259
topic 8,daily,0.0014302707544766595
topic 8,monitor,0.0014196331828134291
topic 8,resource,0.0013981351849424175
topic 8,optical,0.0013879506139536243
topic 8,significant,0.0013875144736690953
topic 8,china,0.0013872938166381655
topic 8,system,0.0013734895712635105
topic 9,water,0.012876816052342949
topic 9,management,0.010069655981269101
topic 9,satellite,0.009023326110486587
topic 9,spatial,0.007713879415564951
topic 9,remote,0.006363960234584867
topic 9,based,0.006319154055455036
topic 9,values,0.005820899145900232
topic 9,land,0.0057656795290895405
topic 9,information,0.005693543911352812
topic 9,study,0.005656055794090007
topic 9,soil,0.005472785661165098
topic 9,agricultural,0.004896646996673203
topic 9,change,0.004858379565037772
topic 9,environmental,0.004589410839252875
topic 9,time,0.0045249561257820255
topic 9,quality,0.004130869364877274
topic 9,ecosystem,0.0039255185669383776
topic 9,method,0.0038273840034666207
topic 9,data,0.0037599974427942277
topic 9,images,0.003438172875329055
topic 9,monitoring,0.003371639874731322
topic 9,cover,0.003232157144585818
topic 9,performance,0.0032223086093633784
topic 9,resources,0.0032083101099460985
topic 9,energy,0.0030722745338871227
topic 9,coastal,0.0029168011058522438
topic 9,economic,0.0028820725639122136
topic 9,scale,0.002730944456561184
topic 9,surface,0.002724516600268759
topic 9,methods,0.0026498844644682867
topic 9,services,0.0026443965112756223
topic 9,including,0.0026271560982116314
topic 9,increased,0.002616966971194459
topic 9,systems,0.002559850019658972
topic 9,imagery,0.0025064136463802743
topic 9,distribution,0.002505616082307908
topic 9,national,0.0023974364650719213
topic 9,level,0.0022953348252419785
topic 9,ecological,0.002283457347787604
topic 9,research,0.0022676232340079453
topic 9,conservation,0.002238303118693969
topic 9,vegetation,0.002229777986423423
topic 9,paper,0.0021672822420198516
topic 9,environment,0.002164882099253751
topic 9,analysis,0.002102617226230365
topic 9,habitat,0.0020593042885741148
topic 9,proposed,0.0020561335939190063
topic 9,effective,0.00204709597712371
topic 9,dynamics,0.0020233698614002854
topic 9,ground,0.0019594679977715333
topic 9,estimate,0.0019524644067822022
topic 9,models,0.0019442855155252432
topic 9,maps,0.001930574657673097
topic 9,basin,0.0018666579417456434
topic 9,degradation,0.0018054550010411469
topic 9,landsat,0.00179263148605184
topic 9,index,0.0017871986181148998
topic 9,rainfall,0.0017746762436163497
topic 9,technology,0.0017350459321387186
topic 9,observations,0.001731558799184143
topic 9,agriculture,0.0017243864910801863
topic 9,obtained,0.001724349556734517
topic 9,range,0.0017039228193287714
topic 9,period,0.0016901969597239571
topic 9,authors,0.0016775589213511328
topic 9,elsevier,0.0016587200010646863
topic 9,sea,0.0016555611758752962
topic 9,sensing,0.0016468722996103966
topic 9,parameters,0.0016391746043715825
topic 9,benefits,0.0016352873470031493
topic 9,developed,0.001619933645268327
topic 9,resolution,0.0015462212254608216
topic 9,sustainable,0.0015292928967229836
topic 9,population,0.0015270128895836395
topic 9,scientific,0.001516337035069127
topic 9,observed,0.0014882473668476651
topic 9,mapping,0.0014830911617654513
topic 9,sites,0.0014787368929551833
topic 9,temperature,0.0014626384863815336
topic 9,production,0.0014415394430744941
topic 9,future,0.0014243981383667552
topic 9,design,0.0014104448641726875
topic 9,framework,0.0014093348199474445
topic 9,estimated,0.0014005204920715833
topic 9,human,0.0013943660376960116
topic 9,levels,0.0013934301197871086
topic 9,annual,0.0013853104120051414
topic 9,developing,0.0013823315559147716
topic 9,reduction,0.001378365586863465
topic 9,improved,0.001373898176885213
topic 9,social,0.0013725962237833692
topic 9,significantly,0.001332889984798547
topic 9,efficiency,0.0013216780279674074
topic 9,costs,0.0013120698161349063
topic 9,classification,0.001304864120886774
topic 9,term,0.0013008513371242229
topic 9,strategies,0.0012949512408890332
topic 9,measures,0.0012823048411009263
topic 9,season,0.0012818435744742967
topic 9,significant,0.0012758340686881966
